n_rounds,n_games,variable,mean_win,sd_win
10,10,switch_wins,6.3,1.05934990547138
10,10,stay_wins,3.7,1.05934990547138
10,100,switch_wins,67.6,4.67142614436129
10,100,stay_wins,32.4,4.67142614436129
100,10,switch_wins,6.68,1.54318311985783
100,10,stay_wins,3.32,1.54318311985783
100,100,switch_wins,66.58,4.27390484525131
100,100,stay_wins,33.42,4.27390484525131
